{
    "rootPath": "blockchain",
    "web3clientVersion": "OrbiterSDK/cpp/linux_x86-64/0.1.2",
    "version": 1,
    "chainID": 808080,
    "wsPort": 8110,
    "httpPort": 8099,
    "discoveryNodes": [
      {
        "address" : "127.0.0.1",
        "port" : 8080
      }
    ]
  }
{
    "rootPath": "blockchain",
    "web3clientVersion": "OrbiterSDK/cpp/linux_x86-64/0.1.2",
    "version": 1,
    "chainID": 808080,
    "wsPort": 8110,
    "httpPort": 8099,
    "discoveryNodes": [
      {
        "address" : "127.0.0.1",
        "port" : 8080
      }
    ]
  }
